blocking,epolling,threading,epoll/threading
163422,360334,263615,447850
164377,359336,266190,440113
166067,363371,260737,453486
166539,351899,277241,446547
167185,359869,257162,449947
170058,350556,262225,445521
170855,359527,278701,444116
171224,357202,266961,446864
171152,358370,274336,445669
171157,357525,276538,454027
173082,358013,274641,449770
171275,347472,273835,454746
170952,355098,260463,450823
172915,358236,280426,449956
168379,367740,273845,450013
169404,367361,261877,450385
168930,371289,266636,444353
168147,358416,272849,443917
166983,359662,273926,443820
169851,360939,271560,444996
169750,366807,277481,449210
168578,365213,273380,454139
166710,364309,273283,442785
167461,355135,257280,451576
166953,355669,264698,443821
171901,360585,268426,444246
167507,355594,252619,453080
172878,360669,255282,449851
172321,365173,250242,443986
169340,362431,252629,443646
169235,359583,243552,447475
